{
"music_disc.q": {
    "sounds": [
        {
            "name": "records/q",
            "stream": true
        }
    ]
},

"music_disc.qq": {
    "sounds": [
        {
            "name": "records/qq",
            "stream": true
        }
    ]
},

"music_disc.qqq": {
    "sounds": [
        {
            "name": "records/qqq",
            "stream": true
        }
    ]
},

"music_disc.qqqq": {
    "sounds": [
        {
            "name": "records/qqqq",
            "stream": true
        }
    ]
},

"music_disc.gigidagostinolamourtoujours": {
    "sounds": [
        {
            "name": "records/gigidagostinolamourtoujours",
            "stream": true
        }
    ]
},

"music_disc.aroundtheworldlalalalala": {
    "sounds": [
        {
            "name": "records/aroundtheworldlalalalala",
            "stream": true
        }
    ]
},

"music_disc.myway": {
    "sounds": [
        {
            "name": "records/myway",
            "stream": true
        }
    ]
},

"music_disc.itsmylife": {
    "sounds": [
        {
            "name": "records/itsmylife",
            "stream": true
        }
    ]
},

"music_disc.djantoine": {
    "sounds": [
        {
            "name": "records/djantoine",
            "stream": true
        }
    ]
},

"music_disc.jubelradioedit": {
    "sounds": [
        {
            "name": "records/jubelradioedit",
            "stream": true
        }
    ]
},

"music_disc.bemine": {
    "sounds": [
        {
            "name": "records/bemine",
            "stream": true
        }
    ]
},

"music_disc.thetokensthelionsleepstonightwimoweh": {
    "sounds": [
        {
            "name": "records/thetokensthelionsleepstonightwimoweh",
            "stream": true
        }
    ]
},

"music_disc.stayinalive": {
    "sounds": [
        {
            "name": "records/stayinalive",
            "stream": true
        }
    ]
}
}