{
    "parent": "item/generated",
    "textures": {
        "layer0": "item/music_disc_11"
    },
    "overrides": [
        {
            "predicate": {
                "custom_model_data": 1
            },
            "model": "item/music_disc_q"
        },
        {
            "predicate": {
                "custom_model_data": 2
            },
            "model": "item/music_disc_qq"
        },
        {
            "predicate": {
                "custom_model_data": 3
            },
            "model": "item/music_disc_qqq"
        },
        {
            "predicate": {
                "custom_model_data": 4
            },
            "model": "item/music_disc_qqqq"
        },
        {
            "predicate": {
                "custom_model_data": 5
            },
            "model": "item/music_disc_gigidagostinolamourtoujours"
        },
        {
            "predicate": {
                "custom_model_data": 6
            },
            "model": "item/music_disc_aroundtheworldlalalalala"
        },
        {
            "predicate": {
                "custom_model_data": 7
            },
            "model": "item/music_disc_myway"
        },
        {
            "predicate": {
                "custom_model_data": 8
            },
            "model": "item/music_disc_itsmylife"
        },
        {
            "predicate": {
                "custom_model_data": 9
            },
            "model": "item/music_disc_djantoine"
        },
        {
            "predicate": {
                "custom_model_data": 10
            },
            "model": "item/music_disc_jubelradioedit"
        },
        {
            "predicate": {
                "custom_model_data": 11
            },
            "model": "item/music_disc_bemine"
        },
        {
            "predicate": {
                "custom_model_data": 12
            },
            "model": "item/music_disc_thetokensthelionsleepstonightwimoweh"
        },
        {
            "predicate": {
                "custom_model_data": 13
            },
            "model": "item/music_disc_stayinalive"
        }
    ]
}