{
    "type": "minecraft:entity",
    "pools": [
        {
            "rolls": 1,
            "entries": [
                {
                    "type": "minecraft:item",
                    "functions": [
                        {
                            "add": false,
                            "count": {
                                "type": "minecraft:uniform",
                                "max": 2.0,
                                "min": 0.0
                            },
                            "function": "minecraft:set_count"
                        },
                        {
                            "count": {
                                "type": "minecraft:uniform",
                                "max": 1.0,
                                "min": 0.0
                            },
                            "enchantment": "minecraft:looting",
                            "function": "minecraft:enchanted_count_increase"
                        }
                    ],
                    "name": "minecraft:gunpowder"
                }
            ]
        },
        {
            "rolls": 1,
            "entries": [
                {
                    "type": "minecraft:tag",
                    "weight": 1,
                    "name": "minecraft:creeper_drop_music_discs",
                    "expand": true
                },
                {
                    "type": "minecraft:item",
                    "weight": 1,
                    "name": "minecraft:music_disc_11",
                    "functions": [
                        {
                            "function": "minecraft:set_components",
                            "components": {
                                "minecraft:item_model": "infinite_music_discs:aroundtheworldlalalalala",
                                "minecraft:jukebox_playable": {
                                    "song": "infinite_music_discs:aroundtheworldlalalalala"
                                }
                            }
                        }
                    ]
                },
                {
                    "type": "minecraft:item",
                    "weight": 1,
                    "name": "minecraft:music_disc_11",
                    "functions": [
                        {
                            "function": "minecraft:set_components",
                            "components": {
                                "minecraft:item_model": "infinite_music_discs:bemine",
                                "minecraft:jukebox_playable": {
                                    "song": "infinite_music_discs:bemine"
                                }
                            }
                        }
                    ]
                },
                {
                    "type": "minecraft:item",
                    "weight": 1,
                    "name": "minecraft:music_disc_11",
                    "functions": [
                        {
                            "function": "minecraft:set_components",
                            "components": {
                                "minecraft:item_model": "infinite_music_discs:djantoine",
                                "minecraft:jukebox_playable": {
                                    "song": "infinite_music_discs:djantoine"
                                }
                            }
                        }
                    ]
                },
                {
                    "type": "minecraft:item",
                    "weight": 1,
                    "name": "minecraft:music_disc_11",
                    "functions": [
                        {
                            "function": "minecraft:set_components",
                            "components": {
                                "minecraft:item_model": "infinite_music_discs:gigidagostinolamourtoujours",
                                "minecraft:jukebox_playable": {
                                    "song": "infinite_music_discs:gigidagostinolamourtoujours"
                                }
                            }
                        }
                    ]
                },
                {
                    "type": "minecraft:item",
                    "weight": 1,
                    "name": "minecraft:music_disc_11",
                    "functions": [
                        {
                            "function": "minecraft:set_components",
                            "components": {
                                "minecraft:item_model": "infinite_music_discs:two",
                                "minecraft:jukebox_playable": {
                                    "song": "infinite_music_discs:two"
                                }
                            }
                        }
                    ]
                },
                {
                    "type": "minecraft:item",
                    "weight": 1,
                    "name": "minecraft:music_disc_11",
                    "functions": [
                        {
                            "function": "minecraft:set_components",
                            "components": {
                                "minecraft:item_model": "infinite_music_discs:one",
                                "minecraft:jukebox_playable": {
                                    "song": "infinite_music_discs:one"
                                }
                            }
                        }
                    ]
                },
                {
                    "type": "minecraft:item",
                    "weight": 1,
                    "name": "minecraft:music_disc_11",
                    "functions": [
                        {
                            "function": "minecraft:set_components",
                            "components": {
                                "minecraft:item_model": "infinite_music_discs:itsmylife",
                                "minecraft:jukebox_playable": {
                                    "song": "infinite_music_discs:itsmylife"
                                }
                            }
                        }
                    ]
                },
                {
                    "type": "minecraft:item",
                    "weight": 1,
                    "name": "minecraft:music_disc_11",
                    "functions": [
                        {
                            "function": "minecraft:set_components",
                            "components": {
                                "minecraft:item_model": "infinite_music_discs:jubelradioedit",
                                "minecraft:jukebox_playable": {
                                    "song": "infinite_music_discs:jubelradioedit"
                                }
                            }
                        }
                    ]
                },
                {
                    "type": "minecraft:item",
                    "weight": 1,
                    "name": "minecraft:music_disc_11",
                    "functions": [
                        {
                            "function": "minecraft:set_components",
                            "components": {
                                "minecraft:item_model": "infinite_music_discs:myway",
                                "minecraft:jukebox_playable": {
                                    "song": "infinite_music_discs:myway"
                                }
                            }
                        }
                    ]
                },
                {
                    "type": "minecraft:item",
                    "weight": 1,
                    "name": "minecraft:music_disc_11",
                    "functions": [
                        {
                            "function": "minecraft:set_components",
                            "components": {
                                "minecraft:item_model": "infinite_music_discs:stayinalive",
                                "minecraft:jukebox_playable": {
                                    "song": "infinite_music_discs:stayinalive"
                                }
                            }
                        }
                    ]
                },
                {
                    "type": "minecraft:item",
                    "weight": 1,
                    "name": "minecraft:music_disc_11",
                    "functions": [
                        {
                            "function": "minecraft:set_components",
                            "components": {
                                "minecraft:item_model": "infinite_music_discs:thetokensthelionsleepstonightwimoweh",
                                "minecraft:jukebox_playable": {
                                    "song": "infinite_music_discs:thetokensthelionsleepstonightwimoweh"
                                }
                            }
                        }
                    ]
                },
                {
                    "type": "minecraft:item",
                    "weight": 1,
                    "name": "minecraft:music_disc_11",
                    "functions": [
                        {
                            "function": "minecraft:set_components",
                            "components": {
                                "minecraft:item_model": "infinite_music_discs:getaway",
                                "minecraft:jukebox_playable": {
                                    "song": "infinite_music_discs:getaway"
                                }
                            }
                        }
                    ]
                },
                {
                    "type": "minecraft:item",
                    "weight": 1,
                    "name": "minecraft:music_disc_11",
                    "functions": [
                        {
                            "function": "minecraft:set_components",
                            "components": {
                                "minecraft:item_model": "infinite_music_discs:whatislove",
                                "minecraft:jukebox_playable": {
                                    "song": "infinite_music_discs:whatislove"
                                }
                            }
                        }
                    ]
                }
            ],
            "conditions": [
                {
                    "condition": "minecraft:entity_properties",
                    "predicate": {
                        "type": "#minecraft:skeletons"
                    },
                    "entity": "attacker"
                }
            ]
        }
    ],
    "random_sequence": "minecraft:entities/creeper"
}