{"stats":{"minecraft:used":{"minecraft:stone_sword":29,"minecraft:iron_shovel":4,"minecraft:stone_shovel":6,"minecraft:stone_pickaxe":265,"minecraft:wooden_pickaxe":18,"minecraft:iron_sword":26,"minecraft:dirt":5,"minecraft:crafting_table":4,"minecraft:granite":16,"minecraft:iron_axe":1,"minecraft:iron_pickaxe":125,"minecraft:gravel":3,"minecraft:cobblestone":48,"minecraft:furnace":1,"minecraft:oak_boat":2,"minecraft:cooked_beef":2,"minecraft:iron_leggings":1},"minecraft:dropped":{"minecraft:gravel":1,"minecraft:wheat_seeds":1,"minecraft:stone_sword":3,"minecraft:stone_shovel":2,"minecraft:cobblestone":76,"minecraft:leather":3,"minecraft:dirt":13,"minecraft:diorite":12,"minecraft:andesite":12,"minecraft:oak_sapling":4,"minecraft:stone_pickaxe":4,"minecraft:wooden_pickaxe":4,"minecraft:dandelion":1},"minecraft:picked_up":{"minecraft:crafting_table":4,"minecraft:cooked_beef":13,"minecraft:chicken":1,"minecraft:andesite":35,"minecraft:leather":3,"minecraft:wooden_pickaxe":5,"minecraft:flint":4,"minecraft:oak_log":7,"minecraft:dirt":62,"minecraft:string":5,"minecraft:iron_leggings":1,"minecraft:wheat_seeds":1,"minecraft:iron_ingot":3,"minecraft:beef":7,"minecraft:stone_pickaxe":4,"minecraft:oak_boat":4,"minecraft:coal_block":12,"minecraft:oak_planks":12,"minecraft:furnace":1,"minecraft:stick":4,"minecraft:raw_iron":64,"minecraft:dandelion":1,"minecraft:gravel":6,"minecraft:diorite":37,"minecraft:spider_eye":1,"minecraft:stone_sword":5,"minecraft:rotten_flesh":4,"minecraft:stone_shovel":3,"minecraft:granite":32,"minecraft:oak_sapling":6,"minecraft:coal":92,"minecraft:cobblestone":349},"minecraft:killed_by":{"minecraft:skeleton":1,"minecraft:zombie":2},"minecraft:broken":{"minecraft:stone_pickaxe":2},"minecraft:killed":{"minecraft:spider":4,"minecraft:zombie":6,"minecraft:chicken":1,"minecraft:cow":4,"minecraft:enderman":1},"minecraft:crafted":{"minecraft:cooked_beef":7,"minecraft:coal_block":6,"minecraft:oak_planks":28,"minecraft:stone_shovel":1,"minecraft:crafting_table":2,"minecraft:iron_helmet":1,"minecraft:wooden_pickaxe":1,"minecraft:iron_sword":1,"minecraft:furnace":1,"minecraft:air":0,"minecraft:flint_and_steel":1,"minecraft:oak_boat":1,"minecraft:iron_chestplate":1,"minecraft:iron_boots":1,"minecraft:bow":1,"minecraft:iron_axe":1,"minecraft:stick":24,"minecraft:iron_ingot":38,"minecraft:iron_pickaxe":1,"minecraft:stone_pickaxe":4,"minecraft:stone_sword":1,"minecraft:iron_shovel":1,"minecraft:iron_leggings":1},"minecraft:mined":{"minecraft:crafting_table":3,"minecraft:granite":16,"minecraft:short_grass":12,"minecraft:grass_block":6,"minecraft:tall_grass":1,"minecraft:diorite":19,"minecraft:furnace":1,"minecraft:iron_ore":64,"minecraft:andesite":17,"minecraft:oak_log":7,"minecraft:coal_ore":82,"minecraft:dirt":17,"minecraft:gravel":5,"minecraft:stone":198,"minecraft:oak_leaves":5},"minecraft:custom":{"minecraft:interact_with_furnace":27,"minecraft:mob_kills":16,"minecraft:interact_with_crafting_table":20,"minecraft:leave_game":1,"minecraft:time_since_death":16045,"minecraft:time_since_rest":16070,"minecraft:sprint_one_cm":57427,"minecraft:damage_taken":1300,"minecraft:walk_one_cm":75830,"minecraft:drop":30,"minecraft:damage_dealt":2757,"minecraft:fly_one_cm":130722,"minecraft:crouch_one_cm":540,"minecraft:play_time":61727,"minecraft:deaths":4,"minecraft:sneak_time":329,"minecraft:boat_one_cm":820,"minecraft:jump":524,"minecraft:total_world_time":61928,"minecraft:fall_one_cm":13755,"minecraft:horse_one_cm":25}},"DataVersion":4189}