{"stats":{"minecraft:dropped":{"minecraft:stone_shovel":1,"minecraft:oak_sapling":2,"minecraft:wooden_pickaxe":1,"minecraft:stone_pickaxe":2,"minecraft:string":2},"minecraft:used":{"minecraft:stone_sword":1,"minecraft:bread":4,"minecraft:stone_shovel":31,"minecraft:stone_pickaxe":25,"minecraft:wooden_pickaxe":17,"minecraft:stone_axe":1,"minecraft:dirt":2,"minecraft:crafting_table":1,"minecraft:white_bed":1},"minecraft:picked_up":{"minecraft:crafting_table":1,"minecraft:oak_log":5,"minecraft:white_bed":2,"minecraft:string":4,"minecraft:dirt":26,"minecraft:stone_shovel":1,"minecraft:hay_block":15,"minecraft:stone_pickaxe":3,"minecraft:oak_sapling":2,"minecraft:coal":19,"minecraft:cobblestone":23},"minecraft:killed_by":{"minecraft:creeper":1},"minecraft:killed":{"minecraft:spider":2},"minecraft:crafted":{"minecraft:oak_planks":20,"minecraft:stone_shovel":1,"minecraft:crafting_table":1,"minecraft:stick":12,"minecraft:wooden_pickaxe":1,"minecraft:stone_sword":1,"minecraft:furnace":1,"minecraft:stone_axe":1,"minecraft:bread":45,"minecraft:wheat":135},"minecraft:mined":{"minecraft:hay_block":15,"minecraft:white_bed":2,"minecraft:crafting_table":1,"minecraft:short_grass":5,"minecraft:oak_log":5,"minecraft:grass_block":10,"minecraft:coal_ore":19,"minecraft:dirt_path":2,"minecraft:dirt":16,"minecraft:stone":23,"minecraft:oak_leaves":1},"minecraft:custom":{"minecraft:time_since_rest":15923,"minecraft:interact_with_furnace":1,"minecraft:sprint_one_cm":20917,"minecraft:damage_taken":509,"minecraft:walk_one_cm":50560,"minecraft:mob_kills":2,"minecraft:drop":8,"minecraft:damage_dealt":344,"minecraft:interact_with_crafting_table":8,"minecraft:fly_one_cm":30814,"minecraft:play_time":31732,"minecraft:deaths":1,"minecraft:walk_under_water_one_cm":75,"minecraft:jump":333,"minecraft:leave_game":2,"minecraft:time_since_death":31002,"minecraft:walk_on_water_one_cm":981,"minecraft:sleep_in_bed":1,"minecraft:total_world_time":31732,"minecraft:fall_one_cm":7820}},"DataVersion":4189}