{
    "music_disc.aroundtheworldlalalalala": {
        "sounds": [
            {
                "name": "infinite_music_discs:records/aroundtheworldlalalalala",
                "stream": true
            }
        ]
    },
    "music_disc.bemine": {
        "sounds": [
            {
                "name": "infinite_music_discs:records/bemine",
                "stream": true
            }
        ]
    },
    "music_disc.djantoine": {
        "sounds": [
            {
                "name": "infinite_music_discs:records/djantoine",
                "stream": true
            }
        ]
    },
    "music_disc.gigidagostinolamourtoujours": {
        "sounds": [
            {
                "name": "infinite_music_discs:records/gigidagostinolamourtoujours",
                "stream": true
            }
        ]
    },
    "music_disc.two": {
        "sounds": [
            {
                "name": "infinite_music_discs:records/two",
                "stream": true
            }
        ]
    },
    "music_disc.one": {
        "sounds": [
            {
                "name": "infinite_music_discs:records/one",
                "stream": true
            }
        ]
    },
    "music_disc.itsmylife": {
        "sounds": [
            {
                "name": "infinite_music_discs:records/itsmylife",
                "stream": true
            }
        ]
    },
    "music_disc.jubelradioedit": {
        "sounds": [
            {
                "name": "infinite_music_discs:records/jubelradioedit",
                "stream": true
            }
        ]
    },
    "music_disc.myway": {
        "sounds": [
            {
                "name": "infinite_music_discs:records/myway",
                "stream": true
            }
        ]
    },
    "music_disc.stayinalive": {
        "sounds": [
            {
                "name": "infinite_music_discs:records/stayinalive",
                "stream": true
            }
        ]
    },
    "music_disc.thetokensthelionsleepstonightwimoweh": {
        "sounds": [
            {
                "name": "infinite_music_discs:records/thetokensthelionsleepstonightwimoweh",
                "stream": true
            }
        ]
    },
    "music_disc.getaway": {
        "sounds": [
            {
                "name": "infinite_music_discs:records/getaway",
                "stream": true
            }
        ]
    },
    "music_disc.whatislove": {
        "sounds": [
            {
                "name": "infinite_music_discs:records/whatislove",
                "stream": true
            }
        ]
    }
}